Workbook

Sheet 해상운임
A1: POL | B1: POD | C1: O/F
A2: 부산 | B2: 청도 | C2: =400+20 -> 420 | D2: 흥아
A3: 부산 | B3: 천진 | C3: =400+20 -> 420 | D3: 흥아
A4: 부산 | B4: 연운 | C4: =400+20 -> 420 | D4: 흥아
A5: 인천 | B5: 청도 | C5: 580 | D5: SITC | E5: 하버링크CC
A6: 인천 | B6: 천진 | C6: =100+200+490 -> 790 | D6: 두우
A7: 인천 | B7: 연운 | C7: =450+36+4 -> 490
A8: 인천 | B8: 다강 | C8: 200 | E8: CC

Sheet 하버링크 C.C
A1: 인천 | B1: 청도-OSH | C1: 다강-OSH | D1: 연운 | E1: 다강
A2: 하버링크 | B2: 2550 | C2: 1 | D2: 1 | E2: 1

Sheet 포트국경운임
A1: POD-KASHI | B1: 청도 | C1: 천진 | D1: 연운 | E1: 다강
A2: 하버링크 | B2: 2550 | C2: 1 | D2: 1 | E2: 1
A3: WJ | B3: 2 | C3: 2 | D3: 2 | E3: 2
A4: LB | B4: 3 | C4: 3 | D4: 3 | E4: 3
A5: 시노트란스 | B5: 4 | C5: 4 | D5: 4 | E5: 4

Sheet 국경목적지운임
A1: KASHI-F.D | B1: OSH | C1: BISHKEK | D1: ANDIJAN | E1: ㅇㅇ
A2: 하버링크 | B2: 2000 | C2: 2000 | D2: 2000 | E2: 13
A3: WJ | B3: 2050 | C3: 2050 | D3: 2050 | E3: 33
A4: LB | B4: 2080 | C4: 2080 | D4: 2080 | E4: 43
A5: 시노트란스 | B5: 1900 | C5: 1950 | D5: 2000 | E5: 80
A6: COWIN | B6: 1950 | C6: 1850 | D6: 1650 | E6: 180

Sheet 원가산출
C2: POL | D2: POD | E2: 목적지 | F2: 무게 | H2: 부산 | I2: 인천
C3: 부산 | D3: 천진 | E3: BISHKEK | F3: 23000 | H3: 1710 | I3: 1770
A7: 부산 | B7: 거래처 | C7: 거래처2 | D7: POL | E7: POD | F7: 목적지 | G7: 해상 | H7: D/O(DTHC) | I7: 국경 | J7: 최종 | K7: 중량할증 | L7: 기타비용 | M7: DP | N7: 국내운송료 | O7: 원가 | P7: selling | Q7: PROFIT
B8: 하버링크 | D8: =$C$3 -> 부산 | E8: =$D$3 -> 천진 | F8: =$E$3 -> BISHKEK | G8: {=IFERROR(INDEX(해상운임!$C$2:$C$100, MATCH(1,(해상운임!$A$2:$A$100=원가산출!D8)*(해상운임!$B$2:$B$100=원가산출!E8),0)),0)} -> 420 | H8: 70 | I8: =INDEX(포트국경운임!$B$2:$E$5,MATCH(원가산출!B8,포트국경운임!$A$2:$A$5,0),MATCH(원가산출!E8,포트국경운임!$B$1:$E$1,0)) -> 1 | J8: =INDEX(국경목적지운임!$B$2:$E$5,MATCH(원가산출!B8,국경목적지운임!$A$2:$A$5,0),MATCH(원가산출!F8,국경목적지운임!$B$1:$Z$1,0)) -> 2000 | K8: =IF($F$3>=20000,300, IF($F$3>=17000, 100, 0)) -> 300 | M8: =$H$3 -> 1710 | N8: 100 | O8: =SUM(G8:N8) -> 4601 | P8: 1000 | Q8: =P8-O8 -> -3601
B9: WJ | D9: =$C$3 -> 부산 | E9: =$D$3 -> 천진 | F9: =$E$3 -> BISHKEK | G9: {=IFERROR(INDEX(해상운임!$C$2:$C$100, MATCH(1,(해상운임!$A$2:$A$100=원가산출!D9)*(해상운임!$B$2:$B$100=원가산출!E9),0)),0)} -> 420 | H9: 65 | I9: =INDEX(포트국경운임!$B$2:$E$5,MATCH(원가산출!B9,포트국경운임!$A$2:$A$5,0),MATCH(원가산출!E9,포트국경운임!$B$1:$E$1,0)) -> 2 | J9: =INDEX(국경목적지운임!$B$2:$E$5,MATCH(원가산출!B9,국경목적지운임!$A$2:$A$5,0),MATCH(원가산출!F9,국경목적지운임!$B$1:$Z$1,0)) -> 2050 | K9: =IF($F$3>=50000,300, IF($F$3>=22000, 100, 0)) -> 100 | M9: =$H$3 -> 1710 | N9: 100 | O9: =SUM(G9:N9) -> 4447 | P9: 1000 | Q9: =P9-O9 -> -3447
B10: LB | D10: =$C$3 -> 부산 | E10: =$D$3 -> 천진 | F10: =$E$3 -> BISHKEK | G10: {=IFERROR(INDEX(해상운임!$C$2:$C$100, MATCH(1,(해상운임!$A$2:$A$100=원가산출!D10)*(해상운임!$B$2:$B$100=원가산출!E10),0)),0)} -> 420 | H10: 50 | I10: =INDEX(포트국경운임!$B$2:$E$5,MATCH(원가산출!B10,포트국경운임!$A$2:$A$5,0),MATCH(원가산출!E10,포트국경운임!$B$1:$E$1,0)) -> 3 | J10: =INDEX(국경목적지운임!$B$2:$E$5,MATCH(원가산출!B10,국경목적지운임!$A$2:$A$5,0),MATCH(원가산출!F10,국경목적지운임!$B$1:$Z$1,0)) -> 2080 | K10: =IF($F$3>=20000,300, IF($F$3>=17000, 100, 0)) -> 300 | M10: =$H$3 -> 1710 | N10: 100 | O10: =SUM(G10:N10) -> 4663 | P10: 1000 | Q10: =P10-O10 -> -3663
B11: 시노트란스 | D11: =$C$3 -> 부산 | E11: =$D$3 -> 천진 | F11: =$E$3 -> BISHKEK | G11: {=IFERROR(INDEX(해상운임!$C$2:$C$100, MATCH(1,(해상운임!$A$2:$A$100=원가산출!D11)*(해상운임!$B$2:$B$100=원가산출!E11),0)),0)} -> 420 | I11: =INDEX(포트국경운임!$B$2:$E$5,MATCH(원가산출!B11,포트국경운임!$A$2:$A$5,0),MATCH(원가산출!E11,포트국경운임!$B$1:$E$1,0)) -> 4 | J11: =INDEX(국경목적지운임!$B$2:$E$5,MATCH(원가산출!B11,국경목적지운임!$A$2:$A$5,0),MATCH(원가산출!F11,국경목적지운임!$B$1:$Z$1,0)) -> 1950 | K11: =IF($F$3>=20000,300, IF($F$3>=17000, 100, 0)) -> 300 | M11: =$H$3 -> 1710 | N11: 100 | O11: =SUM(G11:N11) -> 4484 | P11: 1000 | Q11: =P11-O11 -> -3484
B12: 하버링크 | C12: COWIN | D12: =$C$3 -> 부산 | E12: =$D$3 -> 천진 | F12: =$E$3 -> BISHKEK | G12: {=IFERROR(INDEX(해상운임!$C$2:$C$100, MATCH(1,(해상운임!$A$2:$A$100=원가산출!D12)*(해상운임!$B$2:$B$100=원가산출!E12),0)),0)} -> 420 | H12: 70 | I12: =INDEX(포트국경운임!$B$2:$E$5,MATCH(원가산출!B12,포트국경운임!$A$2:$A$5,0),MATCH(원가산출!E12,포트국경운임!$B$1:$E$1,0)) -> 1 | J12: =IFERROR(INDEX(국경목적지운임!$B$2:$E$6,MATCH(원가산출!C12,국경목적지운임!$A$2:$A$6,0),MATCH(원가산출!F12,국경목적지운임!$B$1:$Z$1,0)),0) -> 1850 | K12: =IF($F$3>=21000,300, IF($F$3>=17000, 100, 0)) -> 300 | M12: =$H$3 -> 1710 | N12: 100 | O12: =SUM(G12:N12) -> 4451 | P12: 1000 | Q12: =P12-O12 -> -3451
B13: WJ | C13: COWIN | D13: =$C$3 -> 부산 | E13: =$D$3 -> 천진 | F13: =$E$3 -> BISHKEK | G13: {=IFERROR(INDEX(해상운임!$C$2:$C$100, MATCH(1,(해상운임!$A$2:$A$100=원가산출!D13)*(해상운임!$B$2:$B$100=원가산출!E13),0)),0)} -> 420 | H13: 65 | I13: =INDEX(포트국경운임!$B$2:$E$5,MATCH(원가산출!B13,포트국경운임!$A$2:$A$5,0),MATCH(원가산출!E13,포트국경운임!$B$1:$E$1,0)) -> 2 | J13: =IFERROR(INDEX(국경목적지운임!B2:E6,MATCH(원가산출!C13,국경목적지운임!$A$2:$A$6,0),MATCH(원가산출!F13,국경목적지운임!$B$1:$Z$1,0)),0) -> 1850 | K13: =IF($F$3>=21000,300, IF($F$3>=17000, 100, 0)) -> 300 | M13: =$H$3 -> 1710 | N13: 100 | O13: =SUM(G13:N13) -> 4447 | P13: 1000 | Q13: =P13-O13 -> -3447
B14: LB | C14: COWIN | D14: =$C$3 -> 부산 | E14: =$D$3 -> 천진 | F14: =$E$3 -> BISHKEK | G14: {=IFERROR(INDEX(해상운임!$C$2:$C$100, MATCH(1,(해상운임!$A$2:$A$100=원가산출!D14)*(해상운임!$B$2:$B$100=원가산출!E14),0)),0)} -> 420 | H14: 50 | I14: =INDEX(포트국경운임!$B$2:$E$5,MATCH(원가산출!B14,포트국경운임!$A$2:$A$5,0),MATCH(원가산출!E14,포트국경운임!$B$1:$E$1,0)) -> 3 | J14: =IFERROR(INDEX(국경목적지운임!B2:E6,MATCH(원가산출!C14,국경목적지운임!$A$2:$A$6,0),MATCH(원가산출!F14,국경목적지운임!$B$1:$Z$1,0)),0) -> 1850 | K14: =IF($F$3>=21000,300, IF($F$3>=17000, 100, 0)) -> 300 | M14: =$H$3 -> 1710 | N14: 100 | O14: =SUM(G14:N14) -> 4433 | P14: 1000 | Q14: =P14-O14 -> -3433
B15: 시노트란스 | C15: COWIN | D15: =$C$3 -> 부산 | E15: =$D$3 -> 천진 | F15: =$E$3 -> BISHKEK | G15: {=IFERROR(INDEX(해상운임!$C$2:$C$100, MATCH(1,(해상운임!$A$2:$A$100=원가산출!D15)*(해상운임!$B$2:$B$100=원가산출!E15),0)),0)} -> 420 | I15: =INDEX(포트국경운임!$B$2:$E$5,MATCH(원가산출!B15,포트국경운임!$A$2:$A$5,0),MATCH(원가산출!E15,포트국경운임!$B$1:$E$1,0)) -> 4 | J15: =IFERROR(INDEX(국경목적지운임!B2:E6,MATCH(원가산출!C15,국경목적지운임!$A$2:$A$6,0),MATCH(원가산출!F15,국경목적지운임!$B$1:$Z$1,0)),0) -> 1850 | K15: =IF($F$3>=21000,300, IF($F$3>=17000, 100, 0)) -> 300 | M15: =$H$3 -> 1710 | N15: 100 | O15: =SUM(G15:N15) -> 4384 | P15: 1000 | Q15: =P15-O15 -> -3384
B17: 거래처 | C17: TYPE | D17: POL | E17: POD | F17: 목적지 | G17: 해상 | H17: D/O(DTHC) | I17: 국경 | J17: 최종 | K17: 중량할증 | L17: 기타비용 | M17: 국내운송료 | N17: 원가 | O17: selling | P17: PROFIT
B18: 하버링크 COC | C18: COC | D18: =$C$3 -> 부산 | E18: =$D$3 -> 천진 | F18: =$E$3 -> BISHKEK | N18: =SUM(F18:M18) -> 0 | O18: 1000 | P18: =O18-N18 -> 1000
B19: WJ COC | C19: COC | D19: =$C$3 -> 부산 | E19: =$D$3 -> 천진 | F19: =$E$3 -> BISHKEK | N19: =SUM(F19:M19) -> 0 | O19: 1000 | P19: =O19-N19 -> 1000
C21: POL | D21: POD | E21: 목적지 | F21: 무게
C22: 인천 | D22: 다강 | E22: BISHKEK | F22: 3200
A25: 인천 | B25: 거래처 | C25: 거래처2 | D25: POL | E25: POD | F25: 목적지 | G25: 해상 | H25: D/O(DTHC) | I25: 국경 | J25: 최종 | K25: 중량할증 | L25: 기타비용 | M25: DP | N25: 국내운송료 | O25: 원가 | P25: selling | Q25: PROFIT
B26: 하버링크 | D26: =$C$22 -> 인천 | E26: =$D$22 -> 다강 | F26: =$E$22 -> BISHKEK | G26: {=IFERROR(INDEX(해상운임!$C$2:$C$100, MATCH(1,(해상운임!$A$2:$A$100=원가산출!D26)*(해상운임!$B$2:$B$100=원가산출!E26),0)),0)} -> 200 | H26: 70 | I26: =INDEX(포트국경운임!$B$2:$E$5,MATCH(원가산출!B26,포트국경운임!$A$2:$A$5,0),MATCH(원가산출!E26,포트국경운임!$B$1:$E$1,0)) -> 1 | J26: =INDEX(국경목적지운임!$B$2:$E$5,MATCH(원가산출!B26,국경목적지운임!$A$2:$A$5,0),MATCH(원가산출!F26,국경목적지운임!$B$1:$Z$1,0)) -> 2000 | K26: =IF($F$22>=20000,300, IF($F$22>=17000, 100, 0)) -> 0 | M26: =$I$3 -> 1770 | N26: 100 | O26: =SUM(G26:N26) -> 4141 | P26: 1000 | Q26: =P26-O26 -> -3141
B27: WJ | D27: =$C$22 -> 인천 | E27: =$D$22 -> 다강 | F27: =$E$22 -> BISHKEK | G27: {=IFERROR(INDEX(해상운임!$C$2:$C$100, MATCH(1,(해상운임!$A$2:$A$100=원가산출!D27)*(해상운임!$B$2:$B$100=원가산출!E27),0)),0)} -> 200 | H27: 65 | I27: =INDEX(포트국경운임!$B$2:$E$5,MATCH(원가산출!B27,포트국경운임!$A$2:$A$5,0),MATCH(원가산출!E27,포트국경운임!$B$1:$E$1,0)) -> 2 | J27: =INDEX(국경목적지운임!$B$2:$E$5,MATCH(원가산출!B27,국경목적지운임!$A$2:$A$5,0),MATCH(원가산출!F27,국경목적지운임!$B$1:$Z$1,0)) -> 2050 | K27: =IF($F$22>=20000,300, IF($F$22>=17000, 100, 0)) -> 0 | M27: =$I$3 -> 1770 | N27: 100 | O27: =SUM(G27:N27) -> 4187 | P27: 1000 | Q27: =P27-O27 -> -3187
B28: LB | D28: =$C$22 -> 인천 | E28: =$D$22 -> 다강 | F28: =$E$22 -> BISHKEK | G28: {=IFERROR(INDEX(해상운임!$C$2:$C$100, MATCH(1,(해상운임!$A$2:$A$100=원가산출!D28)*(해상운임!$B$2:$B$100=원가산출!E28),0)),0)} -> 200 | H28: 50 | I28: =INDEX(포트국경운임!$B$2:$E$5,MATCH(원가산출!B28,포트국경운임!$A$2:$A$5,0),MATCH(원가산출!E28,포트국경운임!$B$1:$E$1,0)) -> 3 | J28: =INDEX(국경목적지운임!$B$2:$E$5,MATCH(원가산출!B28,국경목적지운임!$A$2:$A$5,0),MATCH(원가산출!F28,국경목적지운임!$B$1:$Z$1,0)) -> 2080 | K28: =IF($F$22>=20000,300, IF($F$22>=17000, 100, 0)) -> 0 | M28: =$I$3 -> 1770 | N28: 100 | O28: =SUM(G28:N28) -> 4203 | P28: 1000 | Q28: =P28-O28 -> -3203
B29: 시노트란스 | D29: =$C$22 -> 인천 | E29: =$D$22 -> 다강 | F29: =$E$22 -> BISHKEK | G29: {=IFERROR(INDEX(해상운임!$C$2:$C$100, MATCH(1,(해상운임!$A$2:$A$100=원가산출!D29)*(해상운임!$B$2:$B$100=원가산출!E29),0)),0)} -> 200 | I29: =INDEX(포트국경운임!$B$2:$E$5,MATCH(원가산출!B29,포트국경운임!$A$2:$A$5,0),MATCH(원가산출!E29,포트국경운임!$B$1:$E$1,0)) -> 4 | J29: =INDEX(국경목적지운임!$B$2:$E$5,MATCH(원가산출!B29,국경목적지운임!$A$2:$A$5,0),MATCH(원가산출!F29,국경목적지운임!$B$1:$Z$1,0)) -> 1950 | K29: =IF($F$22>=20000,300, IF($F$22>=17000, 100, 0)) -> 0 | M29: =$I$3 -> 1770 | N29: 100 | O29: =SUM(G29:N29) -> 4024 | P29: 1000 | Q29: =P29-O29 -> -3024
B30: 하버링크 | C30: COWIN | D30: =$C$22 -> 인천 | E30: =$D$22 -> 다강 | F30: =$E$22 -> BISHKEK | G30: {=IFERROR(INDEX(해상운임!$C$2:$C$100, MATCH(1,(해상운임!$A$2:$A$100=원가산출!D30)*(해상운임!$B$2:$B$100=원가산출!E30),0)),0)} -> 200 | H30: 70 | I30: =INDEX(포트국경운임!$B$2:$E$5,MATCH(원가산출!B30,포트국경운임!$A$2:$A$5,0),MATCH(원가산출!E30,포트국경운임!$B$1:$E$1,0)) -> 1 | J30: =IFERROR(INDEX(국경목적지운임!$B$2:$E$6,MATCH(원가산출!C30,국경목적지운임!$A$2:$A$6,0),MATCH(원가산출!F30,국경목적지운임!$B$1:$Z$1,0)),0) -> 1850 | K30: =IF($F$22>=20000,300, IF($F$22>=17000, 100, 0)) -> 0 | M30: =$I$3 -> 1770 | N30: 100 | O30: =SUM(G30:N30) -> 3991 | P30: 1000 | Q30: =P30-O30 -> -2991
B31: WJ | C31: COWIN | D31: =$C$22 -> 인천 | E31: =$D$22 -> 다강 | F31: =$E$22 -> BISHKEK | G31: {=IFERROR(INDEX(해상운임!$C$2:$C$100, MATCH(1,(해상운임!$A$2:$A$100=원가산출!D31)*(해상운임!$B$2:$B$100=원가산출!E31),0)),0)} -> 200 | H31: 65 | I31: =INDEX(포트국경운임!$B$2:$E$5,MATCH(원가산출!B31,포트국경운임!$A$2:$A$5,0),MATCH(원가산출!E31,포트국경운임!$B$1:$E$1,0)) -> 2 | J31: =IFERROR(INDEX(국경목적지운임!$B$2:$E$6,MATCH(원가산출!C31,국경목적지운임!$A$2:$A$6,0),MATCH(원가산출!F31,국경목적지운임!$B$1:$Z$1,0)),0) -> 1850 | K31: =IF($F$22>=20000,300, IF($F$22>=17000, 100, 0)) -> 0 | M31: =$I$3 -> 1770 | N31: 100 | O31: =SUM(G31:N31) -> 3987 | P31: 1000 | Q31: =P31-O31 -> -2987
B32: LB | C32: COWIN | D32: =$C$22 -> 인천 | E32: =$D$22 -> 다강 | F32: =$E$22 -> BISHKEK | G32: {=IFERROR(INDEX(해상운임!$C$2:$C$100, MATCH(1,(해상운임!$A$2:$A$100=원가산출!D32)*(해상운임!$B$2:$B$100=원가산출!E32),0)),0)} -> 200 | H32: 50 | I32: =INDEX(포트국경운임!$B$2:$E$5,MATCH(원가산출!B32,포트국경운임!$A$2:$A$5,0),MATCH(원가산출!E32,포트국경운임!$B$1:$E$1,0)) -> 3 | J32: =IFERROR(INDEX(국경목적지운임!$B$2:$E$6,MATCH(원가산출!C32,국경목적지운임!$A$2:$A$6,0),MATCH(원가산출!F32,국경목적지운임!$B$1:$Z$1,0)),0) -> 1850 | K32: =IF($F$22>=20000,300, IF($F$22>=17000, 100, 0)) -> 0 | M32: =$I$3 -> 1770 | N32: 100 | O32: =SUM(G32:N32) -> 3973 | P32: 1000 | Q32: =P32-O32 -> -2973
B33: 시노트란스 | C33: COWIN | D33: =$C$22 -> 인천 | E33: =$D$22 -> 다강 | F33: =$E$22 -> BISHKEK | G33: {=IFERROR(INDEX(해상운임!$C$2:$C$100, MATCH(1,(해상운임!$A$2:$A$100=원가산출!D33)*(해상운임!$B$2:$B$100=원가산출!E33),0)),0)} -> 200 | I33: =INDEX(포트국경운임!$B$2:$E$5,MATCH(원가산출!B33,포트국경운임!$A$2:$A$5,0),MATCH(원가산출!E33,포트국경운임!$B$1:$E$1,0)) -> 4 | J33: =IFERROR(INDEX(국경목적지운임!$B$2:$E$6,MATCH(원가산출!C33,국경목적지운임!$A$2:$A$6,0),MATCH(원가산출!F33,국경목적지운임!$B$1:$Z$1,0)),0) -> 1850 | K33: =IF($F$22>=20000,300, IF($F$22>=17000, 100, 0)) -> 0 | M33: =IF(D33=$H$2,$H$3,$I$3) -> 1770 | N33: 100 | O33: =SUM(G33:N33) -> 3924 | P33: 1000 | Q33: =P33-O33 -> -2924
B35: 거래처 | C35: TYPE | D35: POL | E35: POD | F35: 목적지 | G35: 해상 | H35: D/O(DTHC) | I35: 국경 | J35: 최종 | K35: 중량할증 | L35: 기타비용 | M35: 국내운송료 | N35: 원가 | O35: selling | P35: PROFIT
B36: 하버링크 COC | C36: COC | E36: =$D$3 -> 천진 | F36: =$E$3 -> BISHKEK | N36: =SUM(F36:M36) -> 0 | O36: 1000 | P36: =O36-N36 -> 1000
B37: WJ COC | C37: COC | E37: =$D$3 -> 천진 | F37: =$E$3 -> BISHKEK | N37: =SUM(F37:M37) -> 0 | O37: 1000 | P37: =O37-N37 -> 1000
